token_address,approval_block,attack_block,usd_loss,attack_hash,approval_hash,malicious_contract
0x2f2a2543B76A4166549F7aaB2e75Bef0aefC5B0f,264477049,264477049,-10136727.9658146,0x7856552db409fe51e17339ab1e0e1ce9c85d68bf0f4de4c110fc4e372ea02fb1,0x7856552db409fe51e17339ab1e0e1ce9c85d68bf0f4de4c110fc4e372ea02fb1,0x57ba8957ed2ff2e7ae38f4935451e81ce1eefbf5
0x912CE59144191C1204E64559FE8253a0e49E6548,264477049,264477049,-2173377.6102057295,0x7856552db409fe51e17339ab1e0e1ce9c85d68bf0f4de4c110fc4e372ea02fb1,0x7856552db409fe51e17339ab1e0e1ce9c85d68bf0f4de4c110fc4e372ea02fb1,0x57ba8957ed2ff2e7ae38f4935451e81ce1eefbf5
0x5d3a1Ff2b6BAb83b63cd9AD0787074081a52ef34,264477049,264477049,-92227.44788095073,0x7856552db409fe51e17339ab1e0e1ce9c85d68bf0f4de4c110fc4e372ea02fb1,0x7856552db409fe51e17339ab1e0e1ce9c85d68bf0f4de4c110fc4e372ea02fb1,0x57ba8957ed2ff2e7ae38f4935451e81ce1eefbf5
0x82aF49447D8a07e3bd95BD0d56f35241523fBab1,264477049,264477049,-6136658.478646655,0x7856552db409fe51e17339ab1e0e1ce9c85d68bf0f4de4c110fc4e372ea02fb1,0x7856552db409fe51e17339ab1e0e1ce9c85d68bf0f4de4c110fc4e372ea02fb1,0x57ba8957ed2ff2e7ae38f4935451e81ce1eefbf5
0x35751007a407ca6FEFfE80b3cB397736D2cf4dbe,264477049,264477049,-2683461.803419699,0x7856552db409fe51e17339ab1e0e1ce9c85d68bf0f4de4c110fc4e372ea02fb1,0x7856552db409fe51e17339ab1e0e1ce9c85d68bf0f4de4c110fc4e372ea02fb1,0x57ba8957ed2ff2e7ae38f4935451e81ce1eefbf5
0xaf88d065e77c8cC2239327C5EDb3A432268e5831,264477049,264477049,-481392.512285,0x7856552db409fe51e17339ab1e0e1ce9c85d68bf0f4de4c110fc4e372ea02fb1,0x7856552db409fe51e17339ab1e0e1ce9c85d68bf0f4de4c110fc4e372ea02fb1,0x57ba8957ed2ff2e7ae38f4935451e81ce1eefbf5
0xFd086bC7CD5C481DCC9C85ebE478A1C0b69FCbb9,264477049,264477049,,0x7856552db409fe51e17339ab1e0e1ce9c85d68bf0f4de4c110fc4e372ea02fb1,0x7856552db409fe51e17339ab1e0e1ce9c85d68bf0f4de4c110fc4e372ea02fb1,0x57ba8957ed2ff2e7ae38f4935451e81ce1eefbf5
0x5979D7b546E38E414F7E9822514be443A4800529,264477049,264477049,,0x7856552db409fe51e17339ab1e0e1ce9c85d68bf0f4de4c110fc4e372ea02fb1,0x7856552db409fe51e17339ab1e0e1ce9c85d68bf0f4de4c110fc4e372ea02fb1,0x57ba8957ed2ff2e7ae38f4935451e81ce1eefbf5
0xFF970A61A04b1cA14834A43f5dE4533eBDDB5CC8,264477049,264477049,-191098.89854,0x7856552db409fe51e17339ab1e0e1ce9c85d68bf0f4de4c110fc4e372ea02fb1,0x7856552db409fe51e17339ab1e0e1ce9c85d68bf0f4de4c110fc4e372ea02fb1,0x57ba8957ed2ff2e7ae38f4935451e81ce1eefbf5
0xDA10009cBd5D07dd0CeCc66161FC93D7c9000da1,264477049,264477049,-44358.065232768415,0x7856552db409fe51e17339ab1e0e1ce9c85d68bf0f4de4c110fc4e372ea02fb1,0x7856552db409fe51e17339ab1e0e1ce9c85d68bf0f4de4c110fc4e372ea02fb1,0x57ba8957ed2ff2e7ae38f4935451e81ce1eefbf5
0xdAC17F958D2ee523a2206206994597C13D831ec7,21895238,21895246,-90.0,0x25800d105db4f21908d646a7a3db849343737c5fba0bc5701f782bf0e75217c9,0x46deef0f52e3a983b67abf4714448a41dd7ffd6d32d32da69d62081c68ad7882,0xbdd077f651ebe7f7b3ce16fe5f2b025be2969516
0xEeeeeEeeeEeEeeEeEeEeeEEEeeeeEeeeeeeeEEeE,21895238,21895251,-1123530144.742218,0xb61413c495fdad6114a7aa863a00b2e3c28945979a10885b12b30316ea9f072c,0x46deef0f52e3a983b67abf4714448a41dd7ffd6d32d32da69d62081c68ad7882,0xbdd077f651ebe7f7b3ce16fe5f2b025be2969516
0xd5F7838F5C461fefF7FE49ea5ebaF7728bB0ADfa,21895238,21895251,-23672800.0,0xbcf316f5835362b7f1586215173cc8b294f5499c60c029a3de6318bf25ca7b20,0x46deef0f52e3a983b67abf4714448a41dd7ffd6d32d32da69d62081c68ad7882,0xbdd077f651ebe7f7b3ce16fe5f2b025be2969516
0xae7ab96520DE3A18E5e111B5EaAb095312D7fE84,21895238,21895251,-252930430.90732244,0xa284a1bc4c7e0379c924c73fcea1067068635507254b03ebbbd3f4e222c1fae0,0x46deef0f52e3a983b67abf4714448a41dd7ffd6d32d32da69d62081c68ad7882,0xbdd077f651ebe7f7b3ce16fe5f2b025be2969516
0xE6829d9a7eE3040e1276Fa75293Bde931859e8fA,21895238,21895251,-44414250.0,0x847b8403e8a4816a4de1e63db321705cdb6f998fb01ab58f653b863fda988647,0x46deef0f52e3a983b67abf4714448a41dd7ffd6d32d32da69d62081c68ad7882,0xbdd077f651ebe7f7b3ce16fe5f2b025be2969516
0x6810e776880C02933D47DB1b9fc05908e5386b96,20331565,20331573,-1069.9581331913182,0xdc86737cb0d4d9e9196445160adc7495ecca11ebfe17bfaa15092d615bd246d0,0x48164d3adbab78c2cb9876f6e17f88e321097fcd14cadd57556866e4ef3e185d,0x27fd43babfbe83a81d14665b1a6fb8030a60c9b4
0xEeeeeEeeeEeEeeEeEeEeeEEEeeeeEeeeeeeeEEeE,20331565,20331578,-52416705.06107838,0xe3dba30431bcd1d8b9189460cb973ff0addf332ea423c5b2349ba57e536f0495,0x48164d3adbab78c2cb9876f6e17f88e321097fcd14cadd57556866e4ef3e185d,0x27fd43babfbe83a81d14665b1a6fb8030a60c9b4
0x95aD61b0a150d79219dCF64E1E6Cc01f0B64C4cE,20331565,20331579,-102643584.07033335,0x1e523051a8a481c5a57fe8261cced4cb3e775ce9315168b041fd34fc25d563ac,0x48164d3adbab78c2cb9876f6e17f88e321097fcd14cadd57556866e4ef3e185d,0x27fd43babfbe83a81d14665b1a6fb8030a60c9b4
0x7D1AfA7B718fb893dB30A3aBc0Cfc608AaCfeBB0,20331565,20331580,-11246495.50153364,0xbb8f1a998b7196a4700b728a15bef55f99e6085dfc48d5195fe8eb564178b054,0x48164d3adbab78c2cb9876f6e17f88e321097fcd14cadd57556866e4ef3e185d,0x27fd43babfbe83a81d14665b1a6fb8030a60c9b4
0x6982508145454Ce325dDbE47a25d4ec3d2311933,20331565,20331581,-7632013.620807645,0x491c340a29b8376e6470905df41a5ed6afa4f2ffe5ebcfeb17980841e2ad835c,0x48164d3adbab78c2cb9876f6e17f88e321097fcd14cadd57556866e4ef3e185d,0x27fd43babfbe83a81d14665b1a6fb8030a60c9b4
0xdAC17F958D2ee523a2206206994597C13D831ec7,20331565,20331582,-5792698.555416,0x9e6f3d6dd51a47cac9cd2fab79c35c6b599aefa85369e3f5413ad40cd211386b,0x48164d3adbab78c2cb9876f6e17f88e321097fcd14cadd57556866e4ef3e185d,0x27fd43babfbe83a81d14665b1a6fb8030a60c9b4
0xA0b86991c6218b36c1d19D4a2e9Eb0cE3606eB48,20331565,20331583,-545363.5270603519,0x2d7fdd7d7c91592fe36b1a3ac72b2900d0e5f869bca461644615b44bbfc0742a,0x48164d3adbab78c2cb9876f6e17f88e321097fcd14cadd57556866e4ef3e185d,0x27fd43babfbe83a81d14665b1a6fb8030a60c9b4
0xcf0C122c6b73ff809C693DB761e7BaeBe62b6a2E,20331565,20331584,-4787295.595370504,0x8a4cdcbd520ae4c3f7e24185a1fbf2355594acf8f61da8f7de16f4094f4ad7d5,0x48164d3adbab78c2cb9876f6e17f88e321097fcd14cadd57556866e4ef3e185d,0x27fd43babfbe83a81d14665b1a6fb8030a60c9b4
0x4E15361FD6b4BB609Fa63C81A2be19d873717870,20331565,20331585,-3224046.340955906,0x70448051f1ee1e599fcdfce763d0fad3b23a970e1e377f5ccc68f58dd6bce848,0x48164d3adbab78c2cb9876f6e17f88e321097fcd14cadd57556866e4ef3e185d,0x27fd43babfbe83a81d14665b1a6fb8030a60c9b4
0xd1d2Eb1B1e90B638588728b4130137D262C87cae,20331565,20331586,-3499139.2042909637,0xb984a8ffc5441c3f26f2ced0a87993b99d3aa63d06c47f27cadfe896e1b713f2,0x48164d3adbab78c2cb9876f6e17f88e321097fcd14cadd57556866e4ef3e185d,0x27fd43babfbe83a81d14665b1a6fb8030a60c9b4
0x514910771AF9Ca656af840dff83E8264EcF986CA,20331565,20331587,-2796789.546220017,0x08113fd3a8220c88c1ec1ab252ef93812eeef52731c30f925d063f6786a42c46,0x48164d3adbab78c2cb9876f6e17f88e321097fcd14cadd57556866e4ef3e185d,0x27fd43babfbe83a81d14665b1a6fb8030a60c9b4
0xaea46A60368A7bD060eec7DF8CBa43b7EF41Ad85,20331565,20331588,-2320881.788174014,0x65b509746934cc2cc4226f7609ce4d3ef3af6473222747cd94d0da119d6c5640,0x48164d3adbab78c2cb9876f6e17f88e321097fcd14cadd57556866e4ef3e185d,0x27fd43babfbe83a81d14665b1a6fb8030a60c9b4
0x8A2279d4A90B6fe1C4B30fa660cC9f926797bAA2,20331565,20331589,-1858876.482390755,0x55a6762b1e8151d4eac74b47c85602a97f01fbdf50be27709223ae68d15cd75a,0x48164d3adbab78c2cb9876f6e17f88e321097fcd14cadd57556866e4ef3e185d,0x27fd43babfbe83a81d14665b1a6fb8030a60c9b4
0x7420B4b9a0110cdC71fB720908340C03F9Bc03EC,20331565,20331590,-2266646.0057092393,0x11d9d25734e1eace23138a3a5fa175cb9a7cb8765be048b2ab68563aac77cab8,0x48164d3adbab78c2cb9876f6e17f88e321097fcd14cadd57556866e4ef3e185d,0x27fd43babfbe83a81d14665b1a6fb8030a60c9b4
0x3597bfD533a99c9aa083587B074434E61Eb0A258,20331565,20331591,-1945436.0219719107,0x276b954d7dfdbad97025e25e503b8a9a6417ca58e0efe393de00c11e1b5e84f3,0x48164d3adbab78c2cb9876f6e17f88e321097fcd14cadd57556866e4ef3e185d,0x27fd43babfbe83a81d14665b1a6fb8030a60c9b4
0x0F5D2fB29fb7d3CFeE444a200298f468908cC942,20331565,20331592,-1731995.2172678944,0xc013d24df63ab7a9109d7a47109de65ff1a531832658e95207053933ae72e578,0x48164d3adbab78c2cb9876f6e17f88e321097fcd14cadd57556866e4ef3e185d,0x27fd43babfbe83a81d14665b1a6fb8030a60c9b4
0x3845badAde8e6dFF049820680d1F14bD3903a5d0,20331565,20331593,-1644086.9674111449,0x6c3d5abda7bb0d1d0564c5aa6859417e6ffdab017ceb5b40526d42d4668c4776,0x48164d3adbab78c2cb9876f6e17f88e321097fcd14cadd57556866e4ef3e185d,0x27fd43babfbe83a81d14665b1a6fb8030a60c9b4
0x6c6EE5e31d828De241282B9606C8e98Ea48526E2,20331565,20331594,-1622827.3044666043,0x400e029f59e09ce64e91d278befeee5b6127c26222caa7436bbf83b766a4697c,0x48164d3adbab78c2cb9876f6e17f88e321097fcd14cadd57556866e4ef3e185d,0x27fd43babfbe83a81d14665b1a6fb8030a60c9b4
0x111111111117dC0aa78b770fA6A738034120C302,20331565,20331595,-1236553.8503900224,0x53fbc277fa048053bf3f5749e2f5c48dcb84dffffbe1c14b207bce5ec26aee9b,0x48164d3adbab78c2cb9876f6e17f88e321097fcd14cadd57556866e4ef3e185d,0x27fd43babfbe83a81d14665b1a6fb8030a60c9b4
0xDDB3422497E61e13543BeA06989C0789117555c5,20331565,20331596,-1362142.297811903,0x7c9b21023fbc7bac869f6cce64159922b61036d861001a5805172ff3533fd969,0x48164d3adbab78c2cb9876f6e17f88e321097fcd14cadd57556866e4ef3e185d,0x27fd43babfbe83a81d14665b1a6fb8030a60c9b4
0x4F9254C83EB525f9FCf346490bbb3ed28a81C667,20331565,20331597,-1143852.5766842559,0x1fbe55037005099bd419e81ab912b2457cecea7f6f8a1b7954d0181ee30191dc,0x48164d3adbab78c2cb9876f6e17f88e321097fcd14cadd57556866e4ef3e185d,0x27fd43babfbe83a81d14665b1a6fb8030a60c9b4
0x1f9840a85d5aF5bf1D1762F925BDADdC4201F984,20331565,20331598,-862606.9926315035,0xb0811e132c0a918009f3a0c3670e0a0fef97b4297a0212ba6d1d01be94b1f315,0x48164d3adbab78c2cb9876f6e17f88e321097fcd14cadd57556866e4ef3e185d,0x27fd43babfbe83a81d14665b1a6fb8030a60c9b4
0x0De05F6447ab4D22c8827449EE4bA2D5C288379B,20331565,20331599,-984379.3933826151,0xbf65ccc28169489fb5d9bd5192f34f04b41f763be397ea57c51f7d8c725f4070,0x48164d3adbab78c2cb9876f6e17f88e321097fcd14cadd57556866e4ef3e185d,0x27fd43babfbe83a81d14665b1a6fb8030a60c9b4
0xBBbbCA6A901c926F240b89EacB641d8Aec7AEafD,20331565,20331600,-937803.8605669964,0x86dd5e440565e19a07817bed8726b1bd51a6d0547d6f1379b2f70feabcf4eec6,0x48164d3adbab78c2cb9876f6e17f88e321097fcd14cadd57556866e4ef3e185d,0x27fd43babfbe83a81d14665b1a6fb8030a60c9b4
0x6De037ef9aD2725EB40118Bb1702EBb27e4Aeb24,20331565,20331601,-838455.9561428112,0x701467f51a552f25aeb77361c0897d95ff18a39fbbbc5fcdea956b2ab3b74fa7,0x48164d3adbab78c2cb9876f6e17f88e321097fcd14cadd57556866e4ef3e185d,0x27fd43babfbe83a81d14665b1a6fb8030a60c9b4
0xf8C3527CC04340b208C854E985240c02F7B7793f,20331565,20331602,-921985.9961719152,0x36bd88a4d25c0c00043b84a3f9e5c6add1f48eb9882ae628a4ca368d21d7b356,0x48164d3adbab78c2cb9876f6e17f88e321097fcd14cadd57556866e4ef3e185d,0x27fd43babfbe83a81d14665b1a6fb8030a60c9b4
0x0bc529c00C6401aEF6D220BE8C6Ea1667F6Ad93e,20331565,20331603,-699595.0825323766,0x9ff4175b5165d91d8d28bf68e62db689f74c1939b68c0cff65e19cc18868f61f,0x48164d3adbab78c2cb9876f6e17f88e321097fcd14cadd57556866e4ef3e185d,0x27fd43babfbe83a81d14665b1a6fb8030a60c9b4
0x50D1c9771902476076eCFc8B2A83Ad6b9355a4c9,20331565,20331604,-863208.49825422,0xdaa444428b81b82f4f08d53594900b77f88df597bd5de6fd45a6809d5f518988,0x48164d3adbab78c2cb9876f6e17f88e321097fcd14cadd57556866e4ef3e185d,0x27fd43babfbe83a81d14665b1a6fb8030a60c9b4
0xf418588522d5dd018b425E472991E52EBBeEEEEE,20331565,20331605,-716753.100920389,0x0fac3888c2398d4f83df2f86ba1f3f4f3a5510009488dd309ce6df48f828987a,0x48164d3adbab78c2cb9876f6e17f88e321097fcd14cadd57556866e4ef3e185d,0x27fd43babfbe83a81d14665b1a6fb8030a60c9b4
0xc944E90C64B2c07662A292be6244BDf05Cda44a7,20331565,20331606,-729964.2491541854,0x5d13dd57e86ba04b7a9fa4dd09e998ed6bb21e603511188f9e4d36935ed28887,0x48164d3adbab78c2cb9876f6e17f88e321097fcd14cadd57556866e4ef3e185d,0x27fd43babfbe83a81d14665b1a6fb8030a60c9b4
0x0202Be363B8a4820f3F4DE7FaF5224fF05943AB1,20331565,20331607,-640860.6357136939,0xb8a774ec3f09a76a3ddc574578f3c2426d62a27ee933034d6a3978ed49e49ba2,0x48164d3adbab78c2cb9876f6e17f88e321097fcd14cadd57556866e4ef3e185d,0x27fd43babfbe83a81d14665b1a6fb8030a60c9b4
0x491604c0FDF08347Dd1fa4Ee062a822A5DD06B5D,20331565,20331608,-547482.3508135527,0xe44c8aaf1eff749a0c9e109da94f508ef796e4553e9f0cb3bc1a55b7f9f87e67,0x48164d3adbab78c2cb9876f6e17f88e321097fcd14cadd57556866e4ef3e185d,0x27fd43babfbe83a81d14665b1a6fb8030a60c9b4
0x0D8775F648430679A709E98d2b0Cb6250d2887EF,20331565,20331609,-494638.33381257684,0x39151c15f0a46c874956c9e4989706cc9a23709842480a31fb9061d03f7ac02b,0x48164d3adbab78c2cb9876f6e17f88e321097fcd14cadd57556866e4ef3e185d,0x27fd43babfbe83a81d14665b1a6fb8030a60c9b4
0x6c5bA91642F10282b576d91922Ae6448C9d52f4E,20331565,20331610,-501577.71248365514,0xcef60a822d14d09a8af21687c230f6472849ef9527f31a69f1cbcaceaf39b6ef,0x48164d3adbab78c2cb9876f6e17f88e321097fcd14cadd57556866e4ef3e185d,0x27fd43babfbe83a81d14665b1a6fb8030a60c9b4
0xFE3E6a25e6b192A42a44ecDDCd13796471735ACf,20331565,20331611,-486788.6073742517,0xd52c48649dfcea5a82f5fe8e92a78a289c4b49dec83753cf788a506376be1bdf,0x48164d3adbab78c2cb9876f6e17f88e321097fcd14cadd57556866e4ef3e185d,0x27fd43babfbe83a81d14665b1a6fb8030a60c9b4
0xAC51066d7bEC65Dc4589368da368b212745d63E8,20331565,20331612,-572464.66305501,0x9ec397366a479aa933821a462581b67232e271283f83d8b9e85d9a24b1485c1e,0x48164d3adbab78c2cb9876f6e17f88e321097fcd14cadd57556866e4ef3e185d,0x27fd43babfbe83a81d14665b1a6fb8030a60c9b4
0xd26114cd6EE289AccF82350c8d8487fedB8A0C07,20331565,20331613,-363451.58015552873,0xd6a2e6354d6115d0675479ee94d711d3fbd13a5b397d4ad8e1cb2b45e74a6c56,0x48164d3adbab78c2cb9876f6e17f88e321097fcd14cadd57556866e4ef3e185d,0x27fd43babfbe83a81d14665b1a6fb8030a60c9b4
0x408e41876cCCDC0F92210600ef50372656052a38,20331565,20331614,-385482.78103139036,0x027cc405887213985d44ac7c71f96e62eac3c9d5292a14b2a5cd579056733e60,0x48164d3adbab78c2cb9876f6e17f88e321097fcd14cadd57556866e4ef3e185d,0x27fd43babfbe83a81d14665b1a6fb8030a60c9b4
0x04Fa0d235C4abf4BcF4787aF4CF447DE572eF828,20331565,20331615,-338093.2021966653,0xf170c1810c302458e33509e33cadeff82c0b799a26944dfbada049b59020e398,0x48164d3adbab78c2cb9876f6e17f88e321097fcd14cadd57556866e4ef3e185d,0x27fd43babfbe83a81d14665b1a6fb8030a60c9b4
0x8f693ca8D21b157107184d29D398A8D082b38b76,20331565,20331616,-348280.5469322599,0x0ef5b830a84ab90b8e822580a4d03461f025417f1cb91d404ccd33f237c9e233,0x48164d3adbab78c2cb9876f6e17f88e321097fcd14cadd57556866e4ef3e185d,0x27fd43babfbe83a81d14665b1a6fb8030a60c9b4
0x5Cf04716BA20127F1E2297AdDCf4B5035000c9eb,20331565,20331617,-348822.18657914567,0xc8be80987e35b8956c2335aaee809a3750ee59117c708f63d60999d35d116805,0x48164d3adbab78c2cb9876f6e17f88e321097fcd14cadd57556866e4ef3e185d,0x27fd43babfbe83a81d14665b1a6fb8030a60c9b4
0xBB0E17EF65F82Ab018d8EDd776e8DD940327B28b,20331565,20331618,-349957.2858071737,0xe0858753ef576376fef8273a89848e3b0865c256cc3f3b6a35138ffc1d56cec9,0x48164d3adbab78c2cb9876f6e17f88e321097fcd14cadd57556866e4ef3e185d,0x27fd43babfbe83a81d14665b1a6fb8030a60c9b4
0xE41d2489571d322189246DaFA5ebDe1F4699F498,20331565,20331619,-338587.8175821084,0x478246e63b177b48a1d2b5bf8ccf9081a67f471493c4571bd764e7631453f0b7,0x48164d3adbab78c2cb9876f6e17f88e321097fcd14cadd57556866e4ef3e185d,0x27fd43babfbe83a81d14665b1a6fb8030a60c9b4
0xB50721BCf8d664c30412Cfbc6cf7a15145234ad1,20331565,20331620,-301924.8831763333,0x5434f2453e79fabd19ade556ed0cbc6671a25f820469fe4d2ff64efda2492a23,0x48164d3adbab78c2cb9876f6e17f88e321097fcd14cadd57556866e4ef3e185d,0x27fd43babfbe83a81d14665b1a6fb8030a60c9b4
0x090185f2135308BaD17527004364eBcC2D37e5F6,20331565,20331621,-311831.3277725711,0xd013a80c64cec2bad9270437b2a20bf781595ebcc37b5f0ce29fa71729ce1f88,0x48164d3adbab78c2cb9876f6e17f88e321097fcd14cadd57556866e4ef3e185d,0x27fd43babfbe83a81d14665b1a6fb8030a60c9b4
0x320623b8E4fF03373931769A31Fc52A4E78B5d70,20331565,20331622,-326431.4268698978,0x6862716c9c909341f72d2c834ec97f965b1f3defa7aca612a3425bdedab73448,0x48164d3adbab78c2cb9876f6e17f88e321097fcd14cadd57556866e4ef3e185d,0x27fd43babfbe83a81d14665b1a6fb8030a60c9b4
0x2ba592F78dB6436527729929AAf6c908497cB200,20331565,20331623,-277405.6384679394,0xc2977230ad925202cc78f2475ea2eb342b206bacb11e937648bae7bab1a9a02a,0x48164d3adbab78c2cb9876f6e17f88e321097fcd14cadd57556866e4ef3e185d,0x27fd43babfbe83a81d14665b1a6fb8030a60c9b4
0x4d224452801ACEd8B2F0aebE155379bb5D594381,20331565,20331624,-303526.7709230928,0xb6e5d2e7a0ca5cf5586cbd372afd781ed1f2126baef72b327d6672d8003f7c1b,0x48164d3adbab78c2cb9876f6e17f88e321097fcd14cadd57556866e4ef3e185d,0x27fd43babfbe83a81d14665b1a6fb8030a60c9b4
0x41e5560054824eA6B0732E656E3Ad64E20e94E45,20331565,20331625,-288802.2049497132,0xa5d2c8bed8faee7b987c54dfa20f6e708042fdbfc8dcfeb8fc070af396b51492,0x48164d3adbab78c2cb9876f6e17f88e321097fcd14cadd57556866e4ef3e185d,0x27fd43babfbe83a81d14665b1a6fb8030a60c9b4
0xb131f4A55907B10d1F0A50d8ab8FA09EC342cd74,20331565,20331626,-286824.65726343053,0x93458e35e41d94ecc8400a1fc15067ac198f7278665996e421489781d44043ce,0x48164d3adbab78c2cb9876f6e17f88e321097fcd14cadd57556866e4ef3e185d,0x27fd43babfbe83a81d14665b1a6fb8030a60c9b4
0x888888848B652B3E3a0f34c96E00EEC0F3a23F72,20331565,20331627,-292139.1482381461,0x936786ac714cd18ea6f82daf7d1223e61af5f0019db033de03e5dc9fd4d94c61,0x48164d3adbab78c2cb9876f6e17f88e321097fcd14cadd57556866e4ef3e185d,0x27fd43babfbe83a81d14665b1a6fb8030a60c9b4
0x7Fc66500c84A76Ad7e9c93437bFc5Ac33E2DDaE9,20331565,20331628,-250697.1591535047,0xc4825c08c51e9d5abd8b45843765f9125d6a64bd2e67e259263c3421b871ae49,0x48164d3adbab78c2cb9876f6e17f88e321097fcd14cadd57556866e4ef3e185d,0x27fd43babfbe83a81d14665b1a6fb8030a60c9b4
0xD533a949740bb3306d119CC777fa900bA034cd52,20331565,20331629,-217440.14434441007,0xd005a8daea3d2ded3c861c8b3c4cd05914b9ad065d8b31459206a6d80ee1d024,0x48164d3adbab78c2cb9876f6e17f88e321097fcd14cadd57556866e4ef3e185d,0x27fd43babfbe83a81d14665b1a6fb8030a60c9b4
0xfF20817765cB7f73d4bde2e66e067E58D11095C2,20331565,20331630,-229716.0936083245,0xbc46f53d67351cb4269beede2cc55780e9980792d14f5b1fd19f8fbaf3039148,0x48164d3adbab78c2cb9876f6e17f88e321097fcd14cadd57556866e4ef3e185d,0x27fd43babfbe83a81d14665b1a6fb8030a60c9b4
0x8290333ceF9e6D528dD5618Fb97a76f268f3EDD4,20331565,20331631,-238671.8762145524,0x2021a7937edfcdd79e569574ff261ed9996242ed856a29791868dae0c1fc8653,0x48164d3adbab78c2cb9876f6e17f88e321097fcd14cadd57556866e4ef3e185d,0x27fd43babfbe83a81d14665b1a6fb8030a60c9b4
0xF57e7e7C23978C3cAEC3C3548E3D615c346e79fF,20331565,20331632,-253717.60840229644,0x373b7f4ac85009aff2e48bbb00e84052b48b7eb355582f101722ee5cbd08c2a1,0x48164d3adbab78c2cb9876f6e17f88e321097fcd14cadd57556866e4ef3e185d,0x27fd43babfbe83a81d14665b1a6fb8030a60c9b4
0x42476F744292107e34519F9c357927074Ea3F75D,20331565,20331633,-247991.62702328374,0x72a40f92c40f09e08beec674f59f9b988342cdfc01dc2cff212571a886bf6eef,0x48164d3adbab78c2cb9876f6e17f88e321097fcd14cadd57556866e4ef3e185d,0x27fd43babfbe83a81d14665b1a6fb8030a60c9b4
0x62D0A8458eD7719FDAF978fe5929C6D342B0bFcE,20331565,20331634,-246149.90459814167,0xd6fd83f0634d28d9f974f29dfb4cf28cd71f8df70d49cbc27f235192cc8f1ac8,0x48164d3adbab78c2cb9876f6e17f88e321097fcd14cadd57556866e4ef3e185d,0x27fd43babfbe83a81d14665b1a6fb8030a60c9b4
0x5732046A883704404F284Ce41FfADd5b007FD668,20331565,20331635,-223760.95431869163,0xf03aeb3a0a26765e7b0ec8b76ddc31ad6f3b871e58816727fcb4a9eb9e8ea9b8,0x48164d3adbab78c2cb9876f6e17f88e321097fcd14cadd57556866e4ef3e185d,0x27fd43babfbe83a81d14665b1a6fb8030a60c9b4
0x8f8221aFbB33998d8584A2B05749bA73c37a938a,20331565,20331636,-220697.09643159932,0xa83277e264421575b45111c665ec94d13bca0b1c3e8351c8c4190bb465459a24,0x48164d3adbab78c2cb9876f6e17f88e321097fcd14cadd57556866e4ef3e185d,0x27fd43babfbe83a81d14665b1a6fb8030a60c9b4
0x8207c1FfC5B6804F6024322CcF34F29c3541Ae26,20331565,20331637,-209935.21528257383,0x30fa96877ca8662ce1d6d01c885259be3026f64dae183aabdb8943c028f48991,0x48164d3adbab78c2cb9876f6e17f88e321097fcd14cadd57556866e4ef3e185d,0x27fd43babfbe83a81d14665b1a6fb8030a60c9b4
0x0AbdAce70D3790235af448C88547603b945604ea,20331565,20331638,-193684.75346487993,0x2de3a9b948f7cc20b95c706c8330aa505e138fa6ae47025a5b30743c0a11cb5a,0x48164d3adbab78c2cb9876f6e17f88e321097fcd14cadd57556866e4ef3e185d,0x27fd43babfbe83a81d14665b1a6fb8030a60c9b4
0xEd04915c23f00A313a544955524EB7DBD823143d,20331565,20331639,-211656.0613025949,0x43db61e32a87c8f8d69788bca1401102b330591176db2d8944ce01e6c4aeb9ad,0x48164d3adbab78c2cb9876f6e17f88e321097fcd14cadd57556866e4ef3e185d,0x27fd43babfbe83a81d14665b1a6fb8030a60c9b4
0x589891a198195061Cb8ad1a75357A3b7DbaDD7Bc,20331565,20331640,-188029.74411963884,0xeebe69326a70013adf36abd1a669321a9e5aadf35f5e284844cfe7bcfe92fcf4,0x48164d3adbab78c2cb9876f6e17f88e321097fcd14cadd57556866e4ef3e185d,0x27fd43babfbe83a81d14665b1a6fb8030a60c9b4
0x419D0d8BdD9aF5e606Ae2232ed285Aff190E711b,20331565,20331641,-197440.7612286747,0x2bd0416af1993a51efa8605fc8055bfb1e09515911e0313d1ec70bfdacd01627,0x48164d3adbab78c2cb9876f6e17f88e321097fcd14cadd57556866e4ef3e185d,0x27fd43babfbe83a81d14665b1a6fb8030a60c9b4
0x3506424F91fD33084466F402d5D97f05F8e3b4AF,20331565,20331642,-172221.85047674374,0x7ee1daac2705269d07c11f776e031cdd7ff5b2c3d84208b460487bd3c6e643f1,0x48164d3adbab78c2cb9876f6e17f88e321097fcd14cadd57556866e4ef3e185d,0x27fd43babfbe83a81d14665b1a6fb8030a60c9b4
0x4a220E6096B25EADb88358cb44068A3248254675,20331565,20331643,-148652.79715894908,0x0f0a0f3e28d0e40d73e0e58c8b683aa0f1e9d6af7879071f0067911fb12d4c67,0x48164d3adbab78c2cb9876f6e17f88e321097fcd14cadd57556866e4ef3e185d,0x27fd43babfbe83a81d14665b1a6fb8030a60c9b4
0xF17e65822b568B3903685a7c9F496CF7656Cc6C2,20331565,20331644,-168725.52260085926,0xe571cd2dd6c07d68f947737479b44bf07d8bdeed046129440b3681f01f793c1e,0x48164d3adbab78c2cb9876f6e17f88e321097fcd14cadd57556866e4ef3e185d,0x27fd43babfbe83a81d14665b1a6fb8030a60c9b4
0xFA1a856Cfa3409CFa145Fa4e20Eb270dF3EB21ab,20331565,20331645,,0x4d820db305699a460aded875dacb90bf83655b85f0efcc115e5d0f43cbe068f2,0x48164d3adbab78c2cb9876f6e17f88e321097fcd14cadd57556866e4ef3e185d,0x27fd43babfbe83a81d14665b1a6fb8030a60c9b4
0x58b6A8A3302369DAEc383334672404Ee733aB239,20331565,20331646,-165094.8050244823,0xedd7c7f2a172e3eeb86d1da16127afe477c4d05742d3c3d6318322e0431f1b55,0x48164d3adbab78c2cb9876f6e17f88e321097fcd14cadd57556866e4ef3e185d,0x27fd43babfbe83a81d14665b1a6fb8030a60c9b4
0xc00e94Cb662C3520282E6f5717214004A7f26888,20331565,20331647,-138964.92261056261,0x60404d71d8228f78247078a6d80b8a91360bc38f6b871b87ab5b2afa90ff303e,0x48164d3adbab78c2cb9876f6e17f88e321097fcd14cadd57556866e4ef3e185d,0x27fd43babfbe83a81d14665b1a6fb8030a60c9b4
0x2C974B2d0BA1716E644c1FC59982a89DDD2fF724,20331565,20331648,-136560.95620882502,0xfbc03209cb065697968ca0162c9fce3f32fd15917e9400c0ab794ce2bc0e88ef,0x48164d3adbab78c2cb9876f6e17f88e321097fcd14cadd57556866e4ef3e185d,0x27fd43babfbe83a81d14665b1a6fb8030a60c9b4
0xCdF7028ceAB81fA0C6971208e83fa7872994beE5,20331565,20331649,-138390.31765414577,0x44477c96e8a56f62b2a379381b09f23b615071af3361fc1fd7e481c22640edf6,0x48164d3adbab78c2cb9876f6e17f88e321097fcd14cadd57556866e4ef3e185d,0x27fd43babfbe83a81d14665b1a6fb8030a60c9b4
0x92D6C1e31e14520e676a687F0a93788B716BEff5,20331565,20331650,-127367.3920354386,0x680d7f0100f7562a51b9b138aaf59e5eaa7575c99d04b4183b6da467a99c2f5f,0x48164d3adbab78c2cb9876f6e17f88e321097fcd14cadd57556866e4ef3e185d,0x27fd43babfbe83a81d14665b1a6fb8030a60c9b4
0x6B3595068778DD592e39A122f4f5a5cF09C90fE2,20331565,20331651,-124607.51413265085,0x7177cfdc43f776dfae000c43d94e74f7d968a38ec2a66594b8611deb03e884a7,0x48164d3adbab78c2cb9876f6e17f88e321097fcd14cadd57556866e4ef3e185d,0x27fd43babfbe83a81d14665b1a6fb8030a60c9b4
0x4691937a7508860F876c9c0a2a617E7d9E945D4B,20331565,20331652,-127812.04710517202,0x24695c322506fcbafa15eb93dc2b4079c60669b571370b68ba10dea37acafdea,0x48164d3adbab78c2cb9876f6e17f88e321097fcd14cadd57556866e4ef3e185d,0x27fd43babfbe83a81d14665b1a6fb8030a60c9b4
0x767FE9EDC9E0dF98E07454847909b5E959D7ca0E,20331565,20331653,-131794.48696331013,0x72e0700c026be1df5ba691fc1eb8fdcdb8de71ac16bc9cb6cb4b351fa2c4cbd2,0x48164d3adbab78c2cb9876f6e17f88e321097fcd14cadd57556866e4ef3e185d,0x27fd43babfbe83a81d14665b1a6fb8030a60c9b4
0x4507cEf57C46789eF8d1a19EA45f4216bae2B528,20331565,20331654,-133200.46022557985,0xcac4f7450bb080f8cce88ba2715f6a5557537ff2dfdae95e9e728f1773210234,0x48164d3adbab78c2cb9876f6e17f88e321097fcd14cadd57556866e4ef3e185d,0x27fd43babfbe83a81d14665b1a6fb8030a60c9b4
0xa1faa113cbE53436Df28FF0aEe54275c13B40975,20331565,20331655,-121044.87188743523,0x83405916124137bb498aae3254e32da77de46dcc26138673bcdf10fdb951001b,0x48164d3adbab78c2cb9876f6e17f88e321097fcd14cadd57556866e4ef3e185d,0x27fd43babfbe83a81d14665b1a6fb8030a60c9b4
0x940a2dB1B7008B6C776d4faaCa729d6d4A4AA551,20331565,20331656,-125360.39230472612,0xf04f4ebe2dc656af4352e6785172d7c4f7a9247c5ca0d07d3777a2356f91943e,0x48164d3adbab78c2cb9876f6e17f88e321097fcd14cadd57556866e4ef3e185d,0x27fd43babfbe83a81d14665b1a6fb8030a60c9b4
0x4b9278b94a1112cAD404048903b8d343a810B07e,20331565,20331657,-120662.54067871941,0xd64e8ff6b4a711bf387bc3e6c132286f42ce18f202bbb7a5937a25a743b4fe41,0x48164d3adbab78c2cb9876f6e17f88e321097fcd14cadd57556866e4ef3e185d,0x27fd43babfbe83a81d14665b1a6fb8030a60c9b4
0x4B5f49487ea7B3609b1aD05459BE420548789f1f,20331565,20331658,-102608.8120083947,0xf26d8fc3980d6622b78b706372b2dc820bda046c7b62f290228db0727abe2ca1,0x48164d3adbab78c2cb9876f6e17f88e321097fcd14cadd57556866e4ef3e185d,0x27fd43babfbe83a81d14665b1a6fb8030a60c9b4
0xC18360217D8F7Ab5e7c516566761Ea12Ce7F9D72,20331565,20331659,-87684.33220534684,0xc19ee360d94d0a9dc5167de5ac7ce105b95de589c03da8d00abce4f8ddeebb06,0x48164d3adbab78c2cb9876f6e17f88e321097fcd14cadd57556866e4ef3e185d,0x27fd43babfbe83a81d14665b1a6fb8030a60c9b4
0x607F4C5BB672230e8672085532f7e901544a7375,20331565,20331660,-104123.874376674,0xad7a1edd9af5b252a223be41b51075b3ae719ae8bcedff5c6fed4082bad3d9bd,0x48164d3adbab78c2cb9876f6e17f88e321097fcd14cadd57556866e4ef3e185d,0x27fd43babfbe83a81d14665b1a6fb8030a60c9b4
0x00c83aeCC790e8a4453e5dD3B0B4b3680501a7A7,20331565,20331661,-99293.16619352034,0xba1e39fa1edf5bd6ecf9719d7764c5e61fe7bed130906ffd47bce97437928961,0x48164d3adbab78c2cb9876f6e17f88e321097fcd14cadd57556866e4ef3e185d,0x27fd43babfbe83a81d14665b1a6fb8030a60c9b4
0xB64ef51C888972c908CFacf59B47C1AfBC0Ab8aC,20331565,20331662,-100568.90883060999,0x9acc1945c0e8153bea13a1960eee65ed6dea9dc05eb44e61f2db94d17d94c5db,0x48164d3adbab78c2cb9876f6e17f88e321097fcd14cadd57556866e4ef3e185d,0x27fd43babfbe83a81d14665b1a6fb8030a60c9b4
0x9f8F72aA9304c8B593d555F12eF6589cC3A579A2,20331565,20331663,-108220.3615805003,0x9688cb13d089ec7e6337a8c4703d657220e045a3acb91866619cfeee2f25e537,0x48164d3adbab78c2cb9876f6e17f88e321097fcd14cadd57556866e4ef3e185d,0x27fd43babfbe83a81d14665b1a6fb8030a60c9b4
0x163f8C2467924be0ae7B5347228CABF260318753,20331565,20331664,-160651.1992154693,0xa1ad7b4da6f9eb81ba056bb3117df5e3c2c9b76c17f1e8600174ed12be70ec8d,0x48164d3adbab78c2cb9876f6e17f88e321097fcd14cadd57556866e4ef3e185d,0x27fd43babfbe83a81d14665b1a6fb8030a60c9b4
0x18aAA7115705e8be94bfFEBDE57Af9BFc265B998,20331565,20331665,-87948.37228773718,0x6705a98e88a35afab18b5217c2906cc045610f4af9946df7eb55133862bcd4a7,0x48164d3adbab78c2cb9876f6e17f88e321097fcd14cadd57556866e4ef3e185d,0x27fd43babfbe83a81d14665b1a6fb8030a60c9b4
0xEA26c4aC16D4a5A106820BC8AEE85fd0b7b2b664,20331565,20331666,-89438.96093074468,0x4c091833e7c76c4d10acc6220cb60359da5e1b8b1a981258f96671ad0ae782f6,0x48164d3adbab78c2cb9876f6e17f88e321097fcd14cadd57556866e4ef3e185d,0x27fd43babfbe83a81d14665b1a6fb8030a60c9b4
0x5283D291DBCF85356A21bA090E6db59121208b44,20331565,20331667,-83541.2858699488,0xe69825bcc8100ad16ae50350a5d02cb1f536d5938d5257e9de64c5b5caf976d4,0x48164d3adbab78c2cb9876f6e17f88e321097fcd14cadd57556866e4ef3e185d,0x27fd43babfbe83a81d14665b1a6fb8030a60c9b4
0x430EF9263E76DAE63c84292C3409D61c598E9682,20331565,20331668,-87371.481496246,0xb0a3ecd5e7f7b6f7df93a3882bba269dc8a9d657293ee1e08ed7909f626e3481,0x48164d3adbab78c2cb9876f6e17f88e321097fcd14cadd57556866e4ef3e185d,0x27fd43babfbe83a81d14665b1a6fb8030a60c9b4
0xC011a73ee8576Fb46F5E1c5751cA3B9Fe0af2a6F,20331565,20331669,-89747.63173571885,0x7e82fddc7fbe981e538602e649a0dee1e737970b6b77f76a460b445c043b3d92,0x48164d3adbab78c2cb9876f6e17f88e321097fcd14cadd57556866e4ef3e185d,0x27fd43babfbe83a81d14665b1a6fb8030a60c9b4
0xBA11D00c5f74255f56a5E366F4F77f5A186d7f55,20331565,20331670,-86345.9587670588,0xa46d5e4b81068f5cfe1c07724b71a76f305fc2b9baff0622b9d71ea72de151f1,0x48164d3adbab78c2cb9876f6e17f88e321097fcd14cadd57556866e4ef3e185d,0x27fd43babfbe83a81d14665b1a6fb8030a60c9b4
0xa62cc35625B0C8dc1fAEA39d33625Bb4C15bD71C,20331565,20331671,-72666.32559732003,0x5bc0ff301da6b77661167280dd0c40752b57e972bbf85e246573403315000404,0x48164d3adbab78c2cb9876f6e17f88e321097fcd14cadd57556866e4ef3e185d,0x27fd43babfbe83a81d14665b1a6fb8030a60c9b4
0xe53EC727dbDEB9E2d5456c3be40cFF031AB40A55,20331565,20331672,-88184.7642872168,0xba7905537e25663a7ddcaa33ff0661de9f44a92827c6f2bc065cc5335a49cefd,0x48164d3adbab78c2cb9876f6e17f88e321097fcd14cadd57556866e4ef3e185d,0x27fd43babfbe83a81d14665b1a6fb8030a60c9b4
0xa1d0E215a23d7030842FC67cE582a6aFa3CCaB83,20331565,20331673,-71101.998826074,0x038b36d41f10b9da75b3337c8648ee15ced0f1ebef3d997de8ffedaf02add0e6,0x48164d3adbab78c2cb9876f6e17f88e321097fcd14cadd57556866e4ef3e185d,0x27fd43babfbe83a81d14665b1a6fb8030a60c9b4
0x05D3606d5c81EB9b7B18530995eC9B29da05FaBa,20331565,20331674,-94501.79950639636,0x9076e02191bcffc645c2638725af66ab9bc59c42ae9f324fef4ea8a31ffa0021,0x48164d3adbab78c2cb9876f6e17f88e321097fcd14cadd57556866e4ef3e185d,0x27fd43babfbe83a81d14665b1a6fb8030a60c9b4
0x7DD9c5Cba05E151C895FDe1CF355C9A1D5DA6429,20331565,20331675,-73619.20045165939,0x235b96e2f9cd386ddae42b7a7c65f826948cf1997a1e87ed8758066f85f1fac1,0x48164d3adbab78c2cb9876f6e17f88e321097fcd14cadd57556866e4ef3e185d,0x27fd43babfbe83a81d14665b1a6fb8030a60c9b4
0x4CC19356f2D37338b9802aa8E8fc58B0373296E7,20331565,20331676,-78219.77153086779,0x14dbf5986c7e1053da3a44c0dcdbfe776aa4fc67c0f111adf85844db71df74d1,0x48164d3adbab78c2cb9876f6e17f88e321097fcd14cadd57556866e4ef3e185d,0x27fd43babfbe83a81d14665b1a6fb8030a60c9b4
0x0FD10b9899882a6f2fcb5c371E17e70FdEe00C38,20331565,20331677,-69944.19236923648,0x25ec4c9296bb42193f7c2a98e808512df04dee8eaeb64053110c2e6ec308797d,0x48164d3adbab78c2cb9876f6e17f88e321097fcd14cadd57556866e4ef3e185d,0x27fd43babfbe83a81d14665b1a6fb8030a60c9b4
0xde4EE8057785A7e8e800Db58F9784845A5C2Cbd6,20331565,20331678,-66159.3568492032,0x7d192116650eed0028fe9e2d099c51d339a299ded1713d7812e3a27163086c99,0x48164d3adbab78c2cb9876f6e17f88e321097fcd14cadd57556866e4ef3e185d,0x27fd43babfbe83a81d14665b1a6fb8030a60c9b4
0xdeFA4e8a7bcBA345F687a2f1456F5Edd9CE97202,20331565,20331679,-67940.49005275362,0x61d0a345dd322149b4349ba23f5473923e5fcbf1689817877873532b07c2d83c,0x48164d3adbab78c2cb9876f6e17f88e321097fcd14cadd57556866e4ef3e185d,0x27fd43babfbe83a81d14665b1a6fb8030a60c9b4
0x43Dfc4159D86F3A37A5A4B3D4580b888ad7d4DDd,20331565,20331680,-65039.35167007735,0x9399e67031dae03fb1128647274e04ac100232c7e264c3850043c8a7ac4c12f7,0x48164d3adbab78c2cb9876f6e17f88e321097fcd14cadd57556866e4ef3e185d,0x27fd43babfbe83a81d14665b1a6fb8030a60c9b4
0xDe7D85157d9714EADf595045CC12Ca4A5f3E2aDb,20331565,20331681,-59392.75809923387,0xb53315a33e1c13acada1703e6b3abb92429a9517cccfbc1a5a539b38da689337,0x48164d3adbab78c2cb9876f6e17f88e321097fcd14cadd57556866e4ef3e185d,0x27fd43babfbe83a81d14665b1a6fb8030a60c9b4
0x80C62FE4487E1351b47Ba49809EBD60ED085bf52,20331565,20331682,-62166.50720831822,0xfcd3a3e7a28e69eda1e985d0021720045db78620e240f8c29afb8d8556f09432,0x48164d3adbab78c2cb9876f6e17f88e321097fcd14cadd57556866e4ef3e185d,0x27fd43babfbe83a81d14665b1a6fb8030a60c9b4
0x88dF592F8eb5D7Bd38bFeF7dEb0fBc02cf3778a0,20331565,20331683,-60354.0543390066,0xf346635368f876f336f7e49d2bbbbcabcd2f401c564702fe26118b64bdb82bbb,0x48164d3adbab78c2cb9876f6e17f88e321097fcd14cadd57556866e4ef3e185d,0x27fd43babfbe83a81d14665b1a6fb8030a60c9b4
0xA9B1Eb5908CfC3cdf91F9B8B3a74108598009096,20331565,20331684,-59882.1643652673,0x5b9212896a1f922b32a70eaae73efa8aef9eb1d6bd3bc2661df8ba8b005de003,0x48164d3adbab78c2cb9876f6e17f88e321097fcd14cadd57556866e4ef3e185d,0x27fd43babfbe83a81d14665b1a6fb8030a60c9b4
0xADE00C28244d5CE17D72E40330B1c318cD12B7c3,20331565,20331685,-61233.349312201004,0x1d1ce81953b956e5f7bd245537cac98dc47b17f455b0c21e40be048518f1d296,0x48164d3adbab78c2cb9876f6e17f88e321097fcd14cadd57556866e4ef3e185d,0x27fd43babfbe83a81d14665b1a6fb8030a60c9b4
0x5A98FcBEA516Cf06857215779Fd812CA3beF1B32,20331565,20331686,-64987.11631392674,0x65b4196bb95ebb135d1b2f7cbce66f1679fac2d66fa0aab9c1ca6220b0956241,0x48164d3adbab78c2cb9876f6e17f88e321097fcd14cadd57556866e4ef3e185d,0x27fd43babfbe83a81d14665b1a6fb8030a60c9b4
0xB705268213D593B8FD88d3FDEFF93AFF5CbDcfAE,20331565,20331687,-48946.92928129397,0xe35b1b2b9430f53adc81a0f0d0c26592941aa015e23d1ddef32ecc2fc23fdb98,0x48164d3adbab78c2cb9876f6e17f88e321097fcd14cadd57556866e4ef3e185d,0x27fd43babfbe83a81d14665b1a6fb8030a60c9b4
0xa6C0c097741D55ECd9a3A7DeF3A8253fD022ceB9,20331565,20331688,-46799.144797540204,0x8e6351192c62e7a2214aede3a74ff4cf447c69fc5534663522bbb8c2a395ae2c,0x48164d3adbab78c2cb9876f6e17f88e321097fcd14cadd57556866e4ef3e185d,0x27fd43babfbe83a81d14665b1a6fb8030a60c9b4
0xBe1a001FE942f96Eea22bA08783140B9Dcc09D28,20331565,20331689,-47808.44345488924,0xd9576b03f656c3cc32e822a125958b2920e5e64fc3b8bc5bfb653716b01302c2,0x48164d3adbab78c2cb9876f6e17f88e321097fcd14cadd57556866e4ef3e185d,0x27fd43babfbe83a81d14665b1a6fb8030a60c9b4
0x809826cceAb68c387726af962713b64Cb5Cb3CCA,20331565,20331690,-29550.97322481715,0x9cb29dbfce4d3f7b07a25ed77171889d76aab586f9b0e50d92d2609df4021c5d,0x48164d3adbab78c2cb9876f6e17f88e321097fcd14cadd57556866e4ef3e185d,0x27fd43babfbe83a81d14665b1a6fb8030a60c9b4
0x2A79324c19Ef2B89Ea98b23BC669B7E7c9f8A517,20331565,20331691,-35181.18147113331,0x79c939df15c0f791ae3109742035928572682be041be53b216aa1aaeaa715b83,0x48164d3adbab78c2cb9876f6e17f88e321097fcd14cadd57556866e4ef3e185d,0x27fd43babfbe83a81d14665b1a6fb8030a60c9b4
0x36E66fbBce51e4cD5bd3C62B637Eb411b18949D4,20331565,20331692,-33525.92076782409,0x137c40df9f799bb94e4ebdb6635cfa7cc01bd21b3b0e770012c5caa7386c43df,0x48164d3adbab78c2cb9876f6e17f88e321097fcd14cadd57556866e4ef3e185d,0x27fd43babfbe83a81d14665b1a6fb8030a60c9b4
0x4575f41308EC1483f3d399aa9a2826d74Da13Deb,20331565,20331693,-22020.6171731394,0xbb03cb2eea8a65cd8e36fec8171eabf27380b5c99a3d932b778200fc8c923296,0x48164d3adbab78c2cb9876f6e17f88e321097fcd14cadd57556866e4ef3e185d,0x27fd43babfbe83a81d14665b1a6fb8030a60c9b4
0xd2bA23dE8a19316A638dc1e7a9ADdA1d74233368,20331565,20331694,-33081.52309984668,0xed2ba71c359a5b1a787d52dc68abcbf98284e23007efba5ed11a8db3ace3712f,0x48164d3adbab78c2cb9876f6e17f88e321097fcd14cadd57556866e4ef3e185d,0x27fd43babfbe83a81d14665b1a6fb8030a60c9b4
0xfAbA6f8e4a5E8Ab82F62fe7C39859FA577269BE3,20331565,20331695,-29353.35471222195,0x935fe82e7c258722e3319ca98986c259ae5e92d33762e04891cb13dbfacc7e2a,0x48164d3adbab78c2cb9876f6e17f88e321097fcd14cadd57556866e4ef3e185d,0x27fd43babfbe83a81d14665b1a6fb8030a60c9b4
0x42bBFa2e77757C645eeaAd1655E0911a7553Efbc,20331565,20331696,-26524.12035748877,0x75bc09c8e6737d7224281a719912679df555b8b519a9d6b924474e673e27bb5d,0x48164d3adbab78c2cb9876f6e17f88e321097fcd14cadd57556866e4ef3e185d,0x27fd43babfbe83a81d14665b1a6fb8030a60c9b4
0x4Fabb145d64652a948d72533023f6E7A623C7C53,20331565,20331697,-22077.039257877368,0x2ccd928f5fb0459a07ebd30f1fab2e5ade3e5ec7ce22f3db09678ee087d6e09f,0x48164d3adbab78c2cb9876f6e17f88e321097fcd14cadd57556866e4ef3e185d,0x27fd43babfbe83a81d14665b1a6fb8030a60c9b4
0xbC396689893D065F41bc2C6EcbeE5e0085233447,20331565,20331698,-24973.733043514796,0x32ff25d8c9aff3d9ae838905bc9b8a451c28c416a9a855a871c76cf8081da1fe,0x48164d3adbab78c2cb9876f6e17f88e321097fcd14cadd57556866e4ef3e185d,0x27fd43babfbe83a81d14665b1a6fb8030a60c9b4
0x808507121B80c02388fAd14726482e061B8da827,20331565,20331699,-27142.605479647,0x1f9864723fccf9eddeea9cbd90b49db042930fedd8cd9c835a31b7a0d362c553,0x48164d3adbab78c2cb9876f6e17f88e321097fcd14cadd57556866e4ef3e185d,0x27fd43babfbe83a81d14665b1a6fb8030a60c9b4
0x744d70FDBE2Ba4CF95131626614a1763DF805B9E,20331565,20331700,-23134.345537063215,0x1bada3c4fd599afa604303ead4206ecdf5ca580aa9a02b2a73f074894a1b895e,0x48164d3adbab78c2cb9876f6e17f88e321097fcd14cadd57556866e4ef3e185d,0x27fd43babfbe83a81d14665b1a6fb8030a60c9b4
0x09a3EcAFa817268f77BE1283176B946C4ff2E608,20331565,20331701,-24549.7607473724,0x92dc46ee10c14d4ecce47b4d7b8478f144aa39f0bedcbd88e6a4dbc9f35be5bc,0x48164d3adbab78c2cb9876f6e17f88e321097fcd14cadd57556866e4ef3e185d,0x27fd43babfbe83a81d14665b1a6fb8030a60c9b4
0x31c8EAcBFFdD875c74b94b077895Bd78CF1E64A3,20331565,20331702,-18092.6104411008,0x11f563a1cf8732ce69d1d34dea04c66ce49360df13cbd922086c00241e5e7863,0x48164d3adbab78c2cb9876f6e17f88e321097fcd14cadd57556866e4ef3e185d,0x27fd43babfbe83a81d14665b1a6fb8030a60c9b4
0x3429d03c6F7521AeC737a0BBF2E5ddcef2C3Ae31,20331565,20331703,-28245.002295332415,0x6c9988a25f1b26c9a8e53be357cdf9dc5f10c69749ae3e62105d3b1b8f812886,0x48164d3adbab78c2cb9876f6e17f88e321097fcd14cadd57556866e4ef3e185d,0x27fd43babfbe83a81d14665b1a6fb8030a60c9b4
0x57e114B691Db790C35207b2e685D4A43181e6061,20331565,20331705,-14588.313062348714,0x1bfdfbebb4707a078f584c08eb02bf8f1b1ce07c60f0783de783d5acffd4eccf,0x48164d3adbab78c2cb9876f6e17f88e321097fcd14cadd57556866e4ef3e185d,0x27fd43babfbe83a81d14665b1a6fb8030a60c9b4
0x69af81e73A73B40adF4f3d4223Cd9b1ECE623074,20331565,20331706,-13732.088300000001,0x4598b0a493e28d612acffba3867840b753e2b55fb4ef92b58af3bff71725379f,0x48164d3adbab78c2cb9876f6e17f88e321097fcd14cadd57556866e4ef3e185d,0x27fd43babfbe83a81d14665b1a6fb8030a60c9b4
0x89Ab32156e46F46D02ade3FEcbe5Fc4243B9AAeD,20331565,20331707,-13266.66215881139,0xe14867742cfd2be371a597791b802426e9bd9227ee92fe6d5cbf97a9655990a0,0x48164d3adbab78c2cb9876f6e17f88e321097fcd14cadd57556866e4ef3e185d,0x27fd43babfbe83a81d14665b1a6fb8030a60c9b4
0xA2120b9e674d3fC3875f415A7DF52e382F141225,20331565,20331708,-12174.034242581218,0xf99eb9fd0a26bf40f44ceaf2c48d7724fd2bc1a1a1719de83d2c6fa313c24bef,0x48164d3adbab78c2cb9876f6e17f88e321097fcd14cadd57556866e4ef3e185d,0x27fd43babfbe83a81d14665b1a6fb8030a60c9b4
0x9c354503C38481a7A7a51629142963F98eCC12D0,20331565,20331709,-11973.302665493287,0xc09ae19e0eaa3ba6c880c0f6cc17f30e4d04898829be727503febe43af47ed47,0x48164d3adbab78c2cb9876f6e17f88e321097fcd14cadd57556866e4ef3e185d,0x27fd43babfbe83a81d14665b1a6fb8030a60c9b4
0xBEF26Bd568e421D6708CCA55Ad6e35f8bfA0C406,20331565,20331710,-9853.206357514173,0x061102a971fa36b8ba5d1068b3fb1eb418250218d88a6122b52e985e648db3f1,0x48164d3adbab78c2cb9876f6e17f88e321097fcd14cadd57556866e4ef3e185d,0x27fd43babfbe83a81d14665b1a6fb8030a60c9b4
0xba5BDe662c17e2aDFF1075610382B9B691296350,20331565,20331714,-9805.837690006643,0xbf054d7fdfe4621760c08c0d65d02890025c780ae92db577f266d2743b9b70ab,0x48164d3adbab78c2cb9876f6e17f88e321097fcd14cadd57556866e4ef3e185d,0x27fd43babfbe83a81d14665b1a6fb8030a60c9b4
0xdBdb4d16EdA451D0503b854CF79D55697F90c8DF,20331565,20331715,-9451.5435037161,0xef30d7d2f7b5a803867bb3093982600d3ced5caa42e563d6ae441eea6aec2db9,0x48164d3adbab78c2cb9876f6e17f88e321097fcd14cadd57556866e4ef3e185d,0x27fd43babfbe83a81d14665b1a6fb8030a60c9b4
0x1776e1F26f98b1A5dF9cD347953a26dd3Cb46671,20331565,20331716,-8664.126959294801,0x355c790b398591cf2b70a5c1d5363c9377fb5047f72da5e4499a7bb003374ca9,0x48164d3adbab78c2cb9876f6e17f88e321097fcd14cadd57556866e4ef3e185d,0x27fd43babfbe83a81d14665b1a6fb8030a60c9b4
0x081131434f93063751813C619Ecca9C4dC7862a3,20331565,20331717,-12395.689434453066,0xf27bdc4863bf17773c9106f40ee5383a148e5fdf1d26e726b1af107b89dbe75a,0x48164d3adbab78c2cb9876f6e17f88e321097fcd14cadd57556866e4ef3e185d,0x27fd43babfbe83a81d14665b1a6fb8030a60c9b4
0xa117000000f279D81A1D3cc75430fAA017FA5A2e,20331565,20331718,-8243.1086717952,0xc0bb40917332cf03f59e0e2036d250d73da632fca9640af6949049e5fe2ee619,0x48164d3adbab78c2cb9876f6e17f88e321097fcd14cadd57556866e4ef3e185d,0x27fd43babfbe83a81d14665b1a6fb8030a60c9b4
0x32353A6C91143bfd6C7d363B546e62a9A2489A20,20331565,20331719,-8379.633522431079,0x827c5a91f0e11f070e81cddb6560fa76f4ad398dad58bd97aa79ac4311e2d425,0x48164d3adbab78c2cb9876f6e17f88e321097fcd14cadd57556866e4ef3e185d,0x27fd43babfbe83a81d14665b1a6fb8030a60c9b4
0x0b38210ea11411557c13457D4dA7dC6ea731B88a,20331565,20331720,-7471.2688408476,0xf78ef2fc5e4acdac1b3df483f8887643b28187001da2938f4a5b388f5e7d8548,0x48164d3adbab78c2cb9876f6e17f88e321097fcd14cadd57556866e4ef3e185d,0x27fd43babfbe83a81d14665b1a6fb8030a60c9b4
0x45804880De22913dAFE09f4980848ECE6EcbAf78,20331565,20331721,-5971.990993360866,0x716f3d7527e31ed6e9da274f404c5da7c5008ebfbe0d229503e57f28133a74cc,0x48164d3adbab78c2cb9876f6e17f88e321097fcd14cadd57556866e4ef3e185d,0x27fd43babfbe83a81d14665b1a6fb8030a60c9b4
0xD55210Bb6898C021a19de1F58d27b71f095921Ee,20331565,20331722,-4842.422909336412,0xc6d22a1796249bf73d1cd22f30896628580947dd7c2a5ae873173e8c70e1a3fa,0x48164d3adbab78c2cb9876f6e17f88e321097fcd14cadd57556866e4ef3e185d,0x27fd43babfbe83a81d14665b1a6fb8030a60c9b4
0x00AbA6fE5557De1a1d565658cBDdddf7C710a1eb,20331565,20331723,-5873.983372633311,0x5baf63c63a1a117473556f5a93b45d5323b25056e99b05d86bf5dc0d8bc078f8,0x48164d3adbab78c2cb9876f6e17f88e321097fcd14cadd57556866e4ef3e185d,0x27fd43babfbe83a81d14665b1a6fb8030a60c9b4
0x0391D2021f89DC339F60Fff84546EA23E337750f,20331565,20331724,-6238.009651355999,0xbd790da8919eb1b61a2e8fea21bd3d15bdeed3c9f7135c4d4f387b89657976dd,0x48164d3adbab78c2cb9876f6e17f88e321097fcd14cadd57556866e4ef3e185d,0x27fd43babfbe83a81d14665b1a6fb8030a60c9b4
0x71Ab77b7dbB4fa7e017BC15090b2163221420282,20331565,20331725,-10983.732603363,0x9522c8f3528a3edde157271176ab38d7a467a8f52aca14142bfd3f274a73cb47,0x48164d3adbab78c2cb9876f6e17f88e321097fcd14cadd57556866e4ef3e185d,0x27fd43babfbe83a81d14665b1a6fb8030a60c9b4
0xba100000625a3754423978a60c9317c58a424e3D,20331565,20331726,-5258.9811322846,0xa6003eda0a2f8a7bb12b31f092882603c775d1f93d91ef3cbc51b514f6b1e93c,0x48164d3adbab78c2cb9876f6e17f88e321097fcd14cadd57556866e4ef3e185d,0x27fd43babfbe83a81d14665b1a6fb8030a60c9b4
0x0D3CbED3f69EE050668ADF3D9Ea57241cBa33A2B,20331565,20331727,-5734.286944,0x8c2f9ba057ea56015cca963c134dfe4a026a2e92d2e29feb71fcc426deb095aa,0x48164d3adbab78c2cb9876f6e17f88e321097fcd14cadd57556866e4ef3e185d,0x27fd43babfbe83a81d14665b1a6fb8030a60c9b4
0x814e0908b12A99FeCf5BC101bB5d0b8B5cDf7d26,20331565,20331728,-4601.357603610811,0x9468b6c320064c053ed8ce2d90b0ac66d2161d508bd020f047dbb3eb17ece1d2,0x48164d3adbab78c2cb9876f6e17f88e321097fcd14cadd57556866e4ef3e185d,0x27fd43babfbe83a81d14665b1a6fb8030a60c9b4
0xec67005c4E498Ec7f55E092bd1d35cbC47C91892,20331565,20331734,-4357.0195565596,0x63650761a5b17f4381c67071d1356074cde858eccee88f77598998582d3e8c9b,0x48164d3adbab78c2cb9876f6e17f88e321097fcd14cadd57556866e4ef3e185d,0x27fd43babfbe83a81d14665b1a6fb8030a60c9b4
0x595832F8FC6BF59c85C527fEC3740A1b7a361269,20331565,20331735,-4703.21247696518,0x4b4eeeeaf6e3380399930169dddaff3f083a1fd02ba49e1f2ab502d68c30c726,0x48164d3adbab78c2cb9876f6e17f88e321097fcd14cadd57556866e4ef3e185d,0x27fd43babfbe83a81d14665b1a6fb8030a60c9b4
0x3F382DbD960E3a9bbCeaE22651E88158d2791550,20331565,20331736,-4206.892120483657,0xc1a5ef00166f2b76bdfd784e563a1780c49c3f2d857bbec6ffaa9752daa47966,0x48164d3adbab78c2cb9876f6e17f88e321097fcd14cadd57556866e4ef3e185d,0x27fd43babfbe83a81d14665b1a6fb8030a60c9b4
0xc03fBF20A586fa89C2a5f6F941458E1Fbc40c661,20331565,20331737,-4011.560850747494,0x31099f3537164f696ed4d2092730bcde87e581a887539b91c4c01c28f80ea352,0x48164d3adbab78c2cb9876f6e17f88e321097fcd14cadd57556866e4ef3e185d,0x27fd43babfbe83a81d14665b1a6fb8030a60c9b4
0xFe0c30065B384F05761f15d0CC899D4F9F9Cc0eB,20331565,20331738,-3042.2007000000003,0x98d63712f81d9cef7573770eedf27e07d041153ce00c7e8c5958b710c06d95fc,0x48164d3adbab78c2cb9876f6e17f88e321097fcd14cadd57556866e4ef3e185d,0x27fd43babfbe83a81d14665b1a6fb8030a60c9b4
0x558EC3152e2eb2174905cd19AeA4e34A23DE9aD6,20331565,20331739,-2818.4046645316944,0x9209448a810536096c4710b8ec5af799e21a2d732116639fe06e00a8efd959c8,0x48164d3adbab78c2cb9876f6e17f88e321097fcd14cadd57556866e4ef3e185d,0x27fd43babfbe83a81d14665b1a6fb8030a60c9b4
0x61E90A50137E1F645c9eF4a0d3A4f01477738406,20331565,20331740,-3046.51080950265,0x6dc1469c5faddf6c39197ff7958d08522fd2321a6a6b6a270e352fd4fa64f1a6,0x48164d3adbab78c2cb9876f6e17f88e321097fcd14cadd57556866e4ef3e185d,0x27fd43babfbe83a81d14665b1a6fb8030a60c9b4
0x4123a133ae3c521FD134D7b13A2dEC35b56c2463,20331565,20331741,-1809.5307889698759,0xad991fc7e32a161ea4a9e9358d66db759778b567990fced78ff8fe1ce88774a0,0x48164d3adbab78c2cb9876f6e17f88e321097fcd14cadd57556866e4ef3e185d,0x27fd43babfbe83a81d14665b1a6fb8030a60c9b4
0x6DEA81C8171D0bA574754EF6F8b412F2Ed88c54D,20331565,20331742,-2487.72547718422,0xe41faaf458aa7e7a099881efb1ed227557cb288565751cd6d0d8bb7511125b32,0x48164d3adbab78c2cb9876f6e17f88e321097fcd14cadd57556866e4ef3e185d,0x27fd43babfbe83a81d14665b1a6fb8030a60c9b4
0x1F573D6Fb3F13d689FF844B4cE37794d79a7FF1C,20331565,20331743,-1889.0295403458406,0xcea896bb7a764fe5d32e13862735bd2069c92bf27828b932160d3ef74f015053,0x48164d3adbab78c2cb9876f6e17f88e321097fcd14cadd57556866e4ef3e185d,0x27fd43babfbe83a81d14665b1a6fb8030a60c9b4
0xF629cBd94d3791C9250152BD8dfBDF380E2a3B9c,20331565,20331744,-1884.6294400257686,0x93c9e4345d6e6f7e6e1c32ac76a3e2d3201593f987274e8c5377cea45affba7d,0x48164d3adbab78c2cb9876f6e17f88e321097fcd14cadd57556866e4ef3e185d,0x27fd43babfbe83a81d14665b1a6fb8030a60c9b4
0x3C4B6E6e1eA3D4863700D7F76b36B7f3D3f13E3d,20331565,20331745,-1199.861266955121,0x04951cb2afaa46b81f8196a29c559cb88edd434a66bb3c292fac84b4940dd6fc,0x48164d3adbab78c2cb9876f6e17f88e321097fcd14cadd57556866e4ef3e185d,0x27fd43babfbe83a81d14665b1a6fb8030a60c9b4
0x25f8087EAD173b73D6e8B84329989A8eEA16CF73,20331565,20331746,-1000.2187473403899,0xfa0a32c1358caeae490b0519128aa6592fe012cd3d2983858183f3be434eedb1,0x48164d3adbab78c2cb9876f6e17f88e321097fcd14cadd57556866e4ef3e185d,0x27fd43babfbe83a81d14665b1a6fb8030a60c9b4
0x6fB3e0A217407EFFf7Ca062D46c26E5d60a14d69,20331565,20331747,-1010.3305628430402,0x79b9bd833b79723f1995699516c71d29a50ce47ea7425678e56dce66a86ba62e,0x48164d3adbab78c2cb9876f6e17f88e321097fcd14cadd57556866e4ef3e185d,0x27fd43babfbe83a81d14665b1a6fb8030a60c9b4
0x1FCdcE58959f536621d76f5b7FfB955baa5A672F,20331565,20331748,-658.7683200271917,0xe31ad39eee704481afd81c41a0f991034d1ac9006bb1dbe61007edf52458e86e,0x48164d3adbab78c2cb9876f6e17f88e321097fcd14cadd57556866e4ef3e185d,0x27fd43babfbe83a81d14665b1a6fb8030a60c9b4
0xa0246c9032bC3A600820415aE600c6388619A14D,20331565,20331749,-759.266927776,0x66801e04607d46c1716001bda3475ef39f6f59c0e9acd9e4af6bcd161723d4d2,0x48164d3adbab78c2cb9876f6e17f88e321097fcd14cadd57556866e4ef3e185d,0x27fd43babfbe83a81d14665b1a6fb8030a60c9b4
0x3E9BC21C9b189C09dF3eF1B824798658d5011937,20331565,20331751,-465.5751335460663,0x0ef2d7f6b7c35f419b00a189bf5fb91611b8b95146f825c21c9abc942337dcdf,0x48164d3adbab78c2cb9876f6e17f88e321097fcd14cadd57556866e4ef3e185d,0x27fd43babfbe83a81d14665b1a6fb8030a60c9b4
0x9E32b13ce7f2E80A01932B42553652E053D6ed8e,20331565,20331752,-411.1279678692,0xcc9ba58a5216e9b8705b9059b3c982e1001bd49abe8b49ebd505dbcd5106b2db,0x48164d3adbab78c2cb9876f6e17f88e321097fcd14cadd57556866e4ef3e185d,0x27fd43babfbe83a81d14665b1a6fb8030a60c9b4
0x57B946008913B82E4dF85f501cbAeD910e58D26C,20331565,20331753,-310.3507584743056,0x85c3f593c07780c331f9aacb7628760f2b0652a67c8c46c95c3ae162cadc6a3f,0x48164d3adbab78c2cb9876f6e17f88e321097fcd14cadd57556866e4ef3e185d,0x27fd43babfbe83a81d14665b1a6fb8030a60c9b4
0x908dDb096BFb3AcB19e2280aAD858186ea4935C4,20331565,20331754,-189.5559245181,0xc1482ff065d0dd5de8351c1d807c6ada356d962c95388295d016cc25926cdd3f,0x48164d3adbab78c2cb9876f6e17f88e321097fcd14cadd57556866e4ef3e185d,0x27fd43babfbe83a81d14665b1a6fb8030a60c9b4
0x6985884C4392D348587B19cb9eAAf157F13271cd,20331565,20331755,-216.41956380000002,0xf374abb122feb8834b19f576c22bc78a44239077cd6cd34ac9b3368618b88237,0x48164d3adbab78c2cb9876f6e17f88e321097fcd14cadd57556866e4ef3e185d,0x27fd43babfbe83a81d14665b1a6fb8030a60c9b4
0x2e1E15C44Ffe4Df6a0cb7371CD00d5028e571d14,20331565,20331756,-191.919967111,0xcb31429521d057a004c177941acc9e21bd79f094f804236fa5ee01f0e9fe202a,0x48164d3adbab78c2cb9876f6e17f88e321097fcd14cadd57556866e4ef3e185d,0x27fd43babfbe83a81d14665b1a6fb8030a60c9b4
0x3Da932456D082CBa208FEB0B096d49b202Bf89c8,20331565,20331757,-155.70002940999998,0x10199769e605630d43f3d79b4766e95395429fbd0e2dc490b0f4662ba062e865,0x48164d3adbab78c2cb9876f6e17f88e321097fcd14cadd57556866e4ef3e185d,0x27fd43babfbe83a81d14665b1a6fb8030a60c9b4
0x64Bc2cA1Be492bE7185FAA2c8835d9b824c8a194,20331565,20331758,-163.07502248062,0xae1d455f9596dd84f5be4e1e7e384569baf3df0f1a764959511a8ecc91d57b90,0x48164d3adbab78c2cb9876f6e17f88e321097fcd14cadd57556866e4ef3e185d,0x27fd43babfbe83a81d14665b1a6fb8030a60c9b4
0x998FFE1E43fAcffb941dc337dD0468d52bA5b48A,20331565,20331759,-57.0294699975,0xfb630096a3f2dbaa8f5b7932aeec935bd59b186f33ef1469d479b8874d4143a2,0x48164d3adbab78c2cb9876f6e17f88e321097fcd14cadd57556866e4ef3e185d,0x27fd43babfbe83a81d14665b1a6fb8030a60c9b4
0xb7cB1C96dB6B22b0D3d9536E0108d062BD488F74,20331565,20331760,-8.37192289,0x118e6c8c12aea22fdde6b2a5258bf24919832ed595b47e8ff83b7fbf6245bcef,0x48164d3adbab78c2cb9876f6e17f88e321097fcd14cadd57556866e4ef3e185d,0x27fd43babfbe83a81d14665b1a6fb8030a60c9b4
0x8CE9137d39326AD0cD6491fb5CC0CbA0e089b6A9,20331565,20331761,-47.06374685832304,0x0d0fab3d7ce37938a1a7b4ca90a93e4dd2c4e5a1f5409e1c340d3eed671ff217,0x48164d3adbab78c2cb9876f6e17f88e321097fcd14cadd57556866e4ef3e185d,0x27fd43babfbe83a81d14665b1a6fb8030a60c9b4
0xE0aD1806Fd3E7edF6FF52Fdb822432e847411033,20331565,20331762,-27.905207643319,0xcbd52637623f15f707423289b4b9ba1b154716d6e257eb48b9ad0f01d2354620,0x48164d3adbab78c2cb9876f6e17f88e321097fcd14cadd57556866e4ef3e185d,0x27fd43babfbe83a81d14665b1a6fb8030a60c9b4
0xBA50933C268F567BDC86E1aC131BE072C6B0b71a,20331565,20331763,-13.160015653600002,0xe0c44f8dac63d71e05ed3ae950babd16fda092e8c1a3b5cd989138526298736f,0x48164d3adbab78c2cb9876f6e17f88e321097fcd14cadd57556866e4ef3e185d,0x27fd43babfbe83a81d14665b1a6fb8030a60c9b4
0x3c3a81e81dc49A522A592e7622A7E711c06bf354,20331565,20331764,-11.74750549,0x07ab146a8c307dda3693d06f993ae490fbf3709b60518f88a0c71ec58d168b94,0x48164d3adbab78c2cb9876f6e17f88e321097fcd14cadd57556866e4ef3e185d,0x27fd43babfbe83a81d14665b1a6fb8030a60c9b4
0x5fAa989Af96Af85384b8a938c2EdE4A7378D9875,20331565,20331793,-7.110856224,0xba0445195bfd26381834f2dc4a388eb0a10bbb313575a24f97de379d93033570,0x48164d3adbab78c2cb9876f6e17f88e321097fcd14cadd57556866e4ef3e185d,0x27fd43babfbe83a81d14665b1a6fb8030a60c9b4
0x2aD9adDD0d97EC3cDBA27F92bF6077893b76Ab0b,20331565,20331794,-3.51,0x4d47c3eb27a9b7fca086d7b64700d481b4e90dd722e1cb6b36184afd229aa311,0x48164d3adbab78c2cb9876f6e17f88e321097fcd14cadd57556866e4ef3e185d,0x27fd43babfbe83a81d14665b1a6fb8030a60c9b4
0x0305f515fa978cf87226cf8A9776D25bcfb2Cc0B,20331565,20331795,-1.3780399400299999,0x787a0462f15624c187f696c37e2f601424804d6290456fa56d77b5f18e3ad4a0,0x48164d3adbab78c2cb9876f6e17f88e321097fcd14cadd57556866e4ef3e185d,0x27fd43babfbe83a81d14665b1a6fb8030a60c9b4
0x6226e00bCAc68b0Fe55583B90A1d727C14fAB77f,20331565,20331796,-1.00783,0x36336488eacc4e46cd6829f29aabd978e43f85da66873f53cf42dec9ab844c0e,0x48164d3adbab78c2cb9876f6e17f88e321097fcd14cadd57556866e4ef3e185d,0x27fd43babfbe83a81d14665b1a6fb8030a60c9b4
0x01eefFCD9a10266ed00946121DF097eeD173b43D,20331565,20331797,-0.390458990830309,0xb6e12400b7068e119ed0323dcdb32ab6ed2188cffc7a5c96b4e82379d105e12a,0x48164d3adbab78c2cb9876f6e17f88e321097fcd14cadd57556866e4ef3e185d,0x27fd43babfbe83a81d14665b1a6fb8030a60c9b4
0x927402ab67c0CDA3c187E9DFE34554AC581441f2,20331565,20331798,-0.3427668342164278,0x0edb17c61e4ed44f965de2c645c1944c80f92c7f3b86678273faab85b081c4a0,0x48164d3adbab78c2cb9876f6e17f88e321097fcd14cadd57556866e4ef3e185d,0x27fd43babfbe83a81d14665b1a6fb8030a60c9b4
0xF433089366899D83a9f26A773D59ec7eCF30355e,20331565,20331799,-0.078797796,0x82efec1d50d4516b14699cdfc3b0ef68d0de5bdc00f4f1d8c3ccc625c2360f89,0x48164d3adbab78c2cb9876f6e17f88e321097fcd14cadd57556866e4ef3e185d,0x27fd43babfbe83a81d14665b1a6fb8030a60c9b4
0xb10cc888cB2CcE7036F4c7ECAd8a57Da16161338,20331565,20331800,-0.0638765,0x5544cfe7f27955e0fb16b4056720e0cbb7a5843915fa6598e2b23a00073ed597,0x48164d3adbab78c2cb9876f6e17f88e321097fcd14cadd57556866e4ef3e185d,0x27fd43babfbe83a81d14665b1a6fb8030a60c9b4
0xe3c408BD53c31C085a1746AF401A4042954ff740,20331565,20331844,-0.06437999155014,0xfb0bd46970cc4a687d080fdb32a75fb3d2c2acf4ca85bd45e0819de0a1a45892,0x48164d3adbab78c2cb9876f6e17f88e321097fcd14cadd57556866e4ef3e185d,0x27fd43babfbe83a81d14665b1a6fb8030a60c9b4
0x354C8cDA7E3B737d360513A0Dc5ABcEE8Ee1cEA3,20331565,20331845,-0.011593323419968932,0xa3b74968b244f1be66974fbb62ee055efa3c0966bd1c650c2a73d59c319c20c0,0x48164d3adbab78c2cb9876f6e17f88e321097fcd14cadd57556866e4ef3e185d,0x27fd43babfbe83a81d14665b1a6fb8030a60c9b4
0x667102BD3413bFEaa3Dffb48fa8288819E480a88,20331565,20331846,-0.01093,0xc5e3f8963be1abe55ab4247bfe727dfc30de28425caae38f42b11bbd9529203e,0x48164d3adbab78c2cb9876f6e17f88e321097fcd14cadd57556866e4ef3e185d,0x27fd43babfbe83a81d14665b1a6fb8030a60c9b4
0xc5fB36dd2fb59d3B98dEfF88425a3F425Ee469eD,20331565,20331847,-0.00762552,0xeab7abedeaf9ef4a50aa639b5f606dc319f29e585f9766a49593648e5ed1cfce,0x48164d3adbab78c2cb9876f6e17f88e321097fcd14cadd57556866e4ef3e185d,0x27fd43babfbe83a81d14665b1a6fb8030a60c9b4
0x2dfF88A56767223A5529eA5960Da7A3F5f766406,20331565,20331848,-0.0013290069033599998,0xf73f083dc6767ee6614fc5ea9ed741141c8671fa492e31a6dd549b9a39845296,0x48164d3adbab78c2cb9876f6e17f88e321097fcd14cadd57556866e4ef3e185d,0x27fd43babfbe83a81d14665b1a6fb8030a60c9b4
0xe28b3B32B6c345A34Ff64674606124Dd5Aceca30,20331565,20331849,-0.0008013349068085595,0x57adff09a6e4a6b5265c74d9781673f51d6cafbe53ecb1fb7543f49c227d62dc,0x48164d3adbab78c2cb9876f6e17f88e321097fcd14cadd57556866e4ef3e185d,0x27fd43babfbe83a81d14665b1a6fb8030a60c9b4
0xb2fd1E0478Dbf61772996bcCE8A2F1151EEeda37,20331565,20331850,-0.00044358,0x76d0816b0ce52a5fbadfe24d7d0df5772a34e24be19766d92e19083756bfb8b0,0x48164d3adbab78c2cb9876f6e17f88e321097fcd14cadd57556866e4ef3e185d,0x27fd43babfbe83a81d14665b1a6fb8030a60c9b4
0xc4c7Ea4FAB34BD9fb9a5e1B1a98Df76E26E6407c,20331565,20331851,,0x544a38d212445c8da5b51879fd7699a4e199227b1d3f3ab02ad116eee92c81de,0x48164d3adbab78c2cb9876f6e17f88e321097fcd14cadd57556866e4ef3e185d,0x27fd43babfbe83a81d14665b1a6fb8030a60c9b4
0x115eC79F1de567eC68B7AE7eDA501b406626478e,20331565,20331852,-1.50155e-05,0xce64e6e446eab1332f080a1725b76d4e0c7b7de1cf16d83f2d5e1ee8be332a3f,0x48164d3adbab78c2cb9876f6e17f88e321097fcd14cadd57556866e4ef3e185d,0x27fd43babfbe83a81d14665b1a6fb8030a60c9b4
0x967da4048cD07aB37855c090aAF366e4ce1b9F48,20331565,20331853,-6.84765656013292e-06,0x58e4861433eba2184ffa39bfdc604cee872305970d4da6f38cdbf62a311957a6,0x48164d3adbab78c2cb9876f6e17f88e321097fcd14cadd57556866e4ef3e185d,0x27fd43babfbe83a81d14665b1a6fb8030a60c9b4
0x7D8146cf21e8D7cbe46054e01588207b51198729,20331565,20331908,-802986.7815919365,0xdfbc08eac437f363e829ede4278da009d31ba319c4ce6a0a4a7e793890c80370,0x48164d3adbab78c2cb9876f6e17f88e321097fcd14cadd57556866e4ef3e185d,0x27fd43babfbe83a81d14665b1a6fb8030a60c9b4
0xCC8Fa225D80b9c7D42F96e9570156c65D6cAAa25,20331565,20331919,-318153.6647730493,0x089a23f4e0c093daed5bb182861cbfed6c5b241714a58e2fce4cad1801fac2c1,0x48164d3adbab78c2cb9876f6e17f88e321097fcd14cadd57556866e4ef3e185d,0x27fd43babfbe83a81d14665b1a6fb8030a60c9b4
0x6033F7f88332B8db6ad452B7C6D5bB643990aE3f,20331565,20331938,-13105.078203150499,0xefc8bdb9b7c31df1c882de675de11d5ca83b7f176acec2f12c873ac76ff76f0f,0x48164d3adbab78c2cb9876f6e17f88e321097fcd14cadd57556866e4ef3e185d,0x27fd43babfbe83a81d14665b1a6fb8030a60c9b4
0x0f6d4d4643A514132F84F4a270946dB3c7Cb701C,20331565,20360353,-817302.3613916413,0xfa8421c30015d8323f9dcedfd7ef07908ff14441ba2fed068ed533a2a62299f1,0x48164d3adbab78c2cb9876f6e17f88e321097fcd14cadd57556866e4ef3e185d,0x27fd43babfbe83a81d14665b1a6fb8030a60c9b4
